case,workers,chunksize,time_enc,time_dec,speed_enc,speed_dec
plain_10k,1,1,100.44763439998496,63.62614579999354,19.910872087200687,31.433618598978583
plain_10k,1,2,77.6852354000439,65.06752409995534,25.744917804533934,30.737299869096645
plain_10k,1,4,69.04868159996113,63.85722080001142,28.965071506899356,31.319872286074222
plain_10k,1,8,66.92680829996243,63.91011980001349,29.88339128673379,31.29394853676331
plain_10k,1,16,66.57417969999369,62.571514300012495,30.04167695362816,31.963426526814946
plain_10k,1,32,65.92850340000587,64.38944659999106,30.335892623945444,31.060990668621116
plain_10k,1,64,65.88614869996672,63.36375970003428,30.355393955528168,31.563783611768827
plain_10k,1,128,65.32313720003003,63.82472089998191,30.617023090542574,31.335820537846907
plain_10k,1,256,65.31097150000278,63.0412463999819,30.62272622908258,31.72526106654792
plain_10k,1,512,65.7765473999898,63.893330199993216,30.40597415121108,31.302171818870264
plain_10k,1,1024,67.69764099997701,63.15473989996826,29.543126916352655,31.66824854583884
plain_10k,2,1,69.21713520004414,33.961739199992735,28.894579271733924,58.88979914198352
plain_10k,2,2,43.53760520002106,33.09445360000245,45.937299279819655,60.43308719258782
plain_10k,2,4,37.61525819997769,33.80959730001632,53.169912841411424,59.154800994894856
plain_10k,2,8,35.74761049996596,33.5853044000105,55.94779544780775,59.54985478706499
plain_10k,2,16,35.08170550002251,33.611592300003394,57.009771089912284,59.50328036079975
plain_10k,2,32,34.59668119996786,33.36287100001937,57.80901319522688,59.94687927183602
plain_10k,2,64,35.3123669999768,33.62356229999568,56.63738145905976,59.48209717208509
plain_10k,2,128,34.79816500004381,33.90356889995746,57.47429498071183,58.99083975205068
plain_10k,2,256,35.828659799997695,33.946823699981906,55.82123392737478,58.91567404584795
plain_10k,2,512,36.45551420003176,33.291833799972665,54.86138500271813,60.07479227538503
plain_10k,2,1024,34.780381400021724,32.81737850001082,57.50368223388001,60.94332001562345
plain_10k,3,1,55.77202729997225,22.873356199997943,35.8602707633867,87.43797729168314
plain_10k,3,2,31.447381799982395,23.77429920004215,63.59829930265036,84.12445654744911
plain_10k,3,4,26.16471589996945,24.061431900016032,76.43881965492066,83.12057272030711
plain_10k,3,8,24.1738777999999,23.505092700012028,82.73393356857328,85.08794351612902
plain_10k,3,16,24.483696299954318,22.985971700050868,81.68701226716865,87.00959115840092
plain_10k,3,32,24.552595700020902,22.94508470001165,81.45778248604067,87.16463792347581
plain_10k,3,64,25.029048299998976,23.233501800044905,79.90715332153007,86.08258958174503
plain_10k,3,128,24.375671299989335,23.7709941000212,82.04902237916521,84.13615314465189
plain_10k,3,256,23.966950400033966,23.805283900001086,83.44824713273348,84.01496106500578
plain_10k,3,512,24.42678670003079,24.02385649998905,81.87732691003025,83.25058052194541
plain_10k,3,1024,24.40767569997115,23.21102950000204,81.94143615249541,86.16593245033893
plain_10k,4,1,47.04194190003909,18.532319399993867,42.515251692837495,107.91957319711757
plain_10k,4,2,26.166680299967993,18.60619790002238,76.43308119610596,107.49106350188795
plain_10k,4,4,20.44327180000255,18.801213899976574,97.83169834878146,106.37611010863995
plain_10k,4,8,19.863074599998072,18.73507779999636,100.68934645194325,106.75162501862621
plain_10k,4,16,19.755164199974388,18.470146399980877,101.23935087325637,108.28284501318683
plain_10k,4,32,19.179877700051293,19.021990999986883,104.2759516654609,105.14146494977203
plain_10k,4,64,19.375738799979445,18.619761499983724,103.22187043531582,107.4127614363776
plain_10k,4,128,20.516325199976563,18.753307300037704,97.48334462948972,106.64785512238574
plain_10k,4,256,19.80234399996698,18.473938899987843,100.99814446225837,108.26061571532621
plain_10k,4,512,19.633319499960635,18.424416700028814,101.86764393071738,108.55160478414886
plain_10k,4,1024,19.847214100009296,18.76895129994955,100.76981030798994,106.55896368623301
plain_10k,5,1,44.26764450001065,16.28785689995857,45.179724889123456,122.79086268280557
plain_10k,5,2,22.905720600043423,16.079268399975263,87.31443270971394,124.38376860498684
plain_10k,5,4,17.253122499969322,15.907236099999864,115.9210455964453,125.72894420043323
plain_10k,5,8,16.47247049998259,15.986266600026283,121.41469611386547,125.107384359317
plain_10k,5,16,17.35518809995847,15.960458600020502,115.23931567211226,125.30968251735767
plain_10k,5,32,17.397841300000437,16.628919699986,114.9567906450526,120.27239508539354
plain_10k,5,64,17.48305789998267,16.411695300019346,114.3964637903523,121.86431465112824
plain_10k,5,128,17.488461399974767,15.886224400019273,114.36111812574237,125.89523788909678
plain_10k,5,256,16.76589789998252,15.796738000004552,119.28976377710646,126.6084175099583
plain_10k,5,512,16.78914360003546,16.206979999959003,119.12459906506345,123.40361992209894
plain_10k,5,1024,16.842478799982928,16.195298600010574,118.74736633196933,123.4926289039644
plain_10k,6,1,41.828023299982306,13.869490200013388,47.81483422385026,144.20140691242347
plain_10k,6,2,20.49610659998143,13.900396600016393,97.57950810042196,143.88078682572564
plain_10k,6,4,15.295652600005269,13.876865400001407,130.7561077844636,144.12476754294937
plain_10k,6,8,14.474554999964312,13.96916770003736,138.17350516163924,143.17245257171987
plain_10k,6,16,14.539279399963561,14.161125400045421,137.5583992150954,141.23171312313815
plain_10k,6,32,15.448548800020944,14.646156499977224,129.46199839801707,136.5545971056031
plain_10k,6,64,15.811683200008702,14.175681299995631,126.48874725740137,141.0866933076872
plain_10k,6,128,14.393257200019434,13.642070600006264,138.95395407769823,146.6053107802478
plain_10k,6,256,14.021230599959381,13.605950900004245,142.64083211111256,146.99450370641688
plain_10k,6,512,14.639923399954569,14.196630800026469,136.61273664903237,140.87849632578113
plain_10k,6,1024,15.333941699995194,14.07906419999199,130.42960767228084,142.05489594977044
plain_10k,7,1,42.34807060001185,12.952053199987859,47.22765338922998,154.41567210377693
plain_10k,7,2,19.553672100009862,12.671146899985615,102.28257842162502,157.83890880487468
plain_10k,7,4,14.282080599979963,12.657081599987578,140.03561918021984,158.01430876466523
plain_10k,7,8,13.395822799997404,12.872724600019865,149.3002729179418,155.36726389663565
plain_10k,7,16,13.251865199999884,12.740015999996103,150.92215094370394,156.98567411537095
plain_10k,7,32,13.577401099959388,13.151572400005534,147.30359553169438,152.07307074545386
plain_10k,7,64,14.27540579997003,13.260735600022599,140.10109611064078,150.82119577111482
plain_10k,7,128,14.038695499999449,12.64113169995835,142.4633791651139,158.21368272008348
plain_10k,7,256,13.123997999995481,12.533870099985506,152.3925864664631,159.56763426184804
plain_10k,7,512,13.11409469996579,12.434934700024314,152.50766795249825,160.83719362001068
plain_10k,7,1024,13.593720800010487,12.737815600004978,147.1267528165252,157.01279268002736
plain_10k,8,1,39.71079689997714,12.604942900012247,50.36413661094652,158.6679143146342
plain_10k,8,2,19.88449430000037,12.367220100015402,100.58088326641341,161.7178301854197
plain_10k,8,4,13.941261200001463,12.135427499946672,143.45904371978844,164.80671982991853
plain_10k,8,8,12.585005200002342,12.05668360000709,158.9192827667348,165.883095746066
plain_10k,8,16,12.687460999994073,12.337203000031877,157.6359525362036,162.11129864644622
plain_10k,8,32,12.677124599984381,12.3844342000084,157.76448233398796,161.49304584287293
plain_10k,8,64,12.88568959996337,12.542776200047228,155.21094036020278,159.4543319677879
plain_10k,8,128,13.483626700006425,12.617896699986886,148.32804589577128,158.50502247352196
plain_10k,8,256,13.046208399988245,12.642653099959716,153.30124574752324,158.1946434966544
plain_10k,8,512,12.707746500032954,12.320153899956495,157.3843167232533,162.3356344604642
plain_10k,8,1024,13.29665480001131,12.173342199996114,150.4137717404154,164.29341812149488
plain_10k,9,1,40.0685097000096,12.175713400007226,49.91450929854576,164.26142225052808
plain_10k,9,2,19.370238500006963,12.116878199973144,103.25118092889156,165.05901660416401
plain_10k,9,4,13.803386599989608,12.091024400026072,144.8919789004175,165.41195632651997
plain_10k,9,8,12.654379300016444,12.015483400027733,158.04805218675568,166.45189655835102
plain_10k,9,16,12.738207300018985,12.190994900010992,157.00796453493257,164.05551937341855
plain_10k,9,32,12.891333499981556,15.292025999980979,155.142988117006,130.7871174167823
plain_10k,9,64,13.020166600006633,12.453204400022514,153.60786550910808,160.6012344900068
plain_10k,9,128,13.20235199999297,12.570114400004968,151.48815907961438,159.10754161467372
plain_10k,9,256,19.73425680003129,13.063408399990294,101.34660860381774,153.09940091909596
plain_10k,9,512,13.185892999987118,12.94666400004644,151.67725083177558,154.47994942888963
plain_10k,9,1024,12.993038699962199,12.276166499999817,153.9285802331843,162.9173081026581
plain_10k,10,1,43.08342739997897,11.550430700008292,46.4215620877223,173.15371625047405
plain_10k,10,2,19.584270699997433,11.694650099962018,102.12277141370713,171.01837018676562
plain_10k,10,4,13.441532600030769,11.781911299971398,148.79255658654742,169.75174477886753
plain_10k,10,8,12.263627499982249,11.70920710003702,163.08388362276128,170.80575848672765
plain_10k,10,16,12.119311099988408,11.668390200007707,165.02588171054649,171.4032497815062
plain_10k,10,32,11.860616400022991,11.528756299987435,168.62530011476665,173.47925031620105
plain_10k,10,64,11.745956900005694,11.495040500012692,170.27135524386526,173.9880777277637
plain_10k,10,128,11.947572099976242,11.62828940001782,167.39802725308326,171.99434338097356
plain_10k,10,256,12.031685999943875,11.860604100045748,166.22774231386438,168.62547498674925
plain_10k,10,512,12.213109000003897,11.813472800015006,163.75846641501045,169.2982270207165
plain_10k,10,1024,12.364824899996165,11.783235599985346,161.74915667431895,169.73266663720847
plain_10k,11,1,45.37779320002301,11.20063159998972,44.07442184735828,178.5613589863839
plain_10k,11,2,18.937195100006647,11.048500399978366,105.61226144833338,181.02004141701585
plain_10k,11,4,12.988080899987835,11.358686599996872,153.9873377291539,176.07669534614598
plain_10k,11,8,11.80597069999203,11.37266469997121,169.4058075208801,175.86028013338537
plain_10k,11,16,11.808832699956838,11.395335600012913,169.36475016766985,175.5104079600546
plain_10k,11,32,11.713391199999023,11.385587700002361,170.74474555243802,175.66067318594236
plain_10k,11,64,11.53036560001783,11.336211399990134,173.4550377133668,176.4257854261381
plain_10k,11,128,11.569722499989439,11.317872099985834,172.86499308879928,176.71166296379187
plain_10k,11,256,11.591308200033382,11.236421400040854,172.54307844167582,177.9926124871686
plain_10k,11,512,11.456880200013984,11.304772100003902,174.56759301695052,176.91643690891476
plain_10k,11,1024,11.699182899959851,11.292972400027793,170.95210982699172,177.10129177284432
plain_10k,12,1,46.903983299969696,11.097067499998957,42.64030172467873,180.227794415073
plain_10k,12,2,18.851797600043938,11.004160099953879,106.09067858840892,181.74944583079835
plain_10k,12,4,12.605731900024693,11.03781239996897,158.6579831985862,181.1953245378244
plain_10k,12,8,11.46968390000984,11.0002951999777,174.37272181479074,181.8133026106476
plain_10k,12,16,11.369697799964342,11.077663000032771,175.9061705233953,180.54349550027686
plain_10k,12,32,11.495169000001624,10.985308700008318,173.98613278323418,182.0613379757353
plain_10k,12,64,11.459371400007512,11.12951100000646,174.5296430481945,179.7024145983448
plain_10k,12,128,11.55464159999974,11.106728399987333,173.09061321296585,180.07102793674878
plain_10k,12,256,11.524417400010861,11.081556399993133,173.54456460403065,180.48006325187674
plain_10k,12,512,11.464662400016095,11.052031599974725,174.44909673024407,180.9622042706224
plain_10k,12,1024,11.68253150000237,11.002718300034758,171.19577208069967,181.77326233951496
plain_10k,13,1,44.67366680002306,10.744298900011927,44.7691032158338,186.14523093710469
plain_10k,13,2,18.470947600028012,10.806746699963696,108.27814811173883,185.06957325156134
plain_10k,13,4,12.393569200008642,10.729785999981686,161.37401322603705,186.3970073590856
plain_10k,13,8,11.19016769999871,10.774287500011269,178.72833130107875,185.62712383514068
plain_10k,13,16,11.035995599988382,10.750216600019485,181.2251538050727,186.04276308222245
plain_10k,13,32,11.09651980001945,10.810918100003619,180.2366900653387,184.9981640319087
plain_10k,13,64,11.067565899982583,10.799603199993726,180.708207936051,185.19198927615804
plain_10k,13,128,11.190797700022813,10.812427999975625,178.71826956499473,184.9723299895739
plain_10k,13,256,11.18384169996716,10.86992139997892,178.82942674393118,183.99397073872848
plain_10k,13,512,11.217745500034653,10.833020599966403,178.28894406579485,184.62071418992804
plain_10k,13,1024,11.283374499995261,10.805393299960997,177.25193823894082,185.09275363509622
plain_10k,14,1,44.826854399987496,10.477416999987327,44.61611297000929,190.88674241012066
plain_10k,14,2,18.31478109996533,10.516699300031178,109.20141437037356,190.17373635414972
plain_10k,14,4,12.090707600000314,10.509059799951501,165.41629044109445,190.3119820489774
plain_10k,14,8,10.953681199986022,10.524952900013886,182.58701923902552,190.0246033402545
plain_10k,14,16,10.841860300046392,10.557043399952818,184.47018727878665,189.44698096144404
plain_10k,14,32,10.826124200015329,10.56219460000284,184.73832029353295,189.35458735057412
plain_10k,14,64,10.783379600034095,10.510762799996883,185.4706107159277,190.28114686410706
plain_10k,14,128,10.837702899996657,10.487731000001077,184.5409510165311,190.6990177379449
plain_10k,14,256,10.850653900008183,10.542638799990527,184.3206887281228,189.7058258319347
plain_10k,14,512,10.9281609999598,10.621380700031295,183.01340911863917,188.29943643712036
plain_10k,14,1024,10.933875899994746,10.579869600012898,182.91775197493882,189.03824674715855
plain_10k,15,1,44.003903300035745,10.212122600001749,45.45051347747997,195.84567071292872
plain_10k,15,2,17.73843540000962,10.16134350001812,112.74951566466315,196.82436677752636
plain_10k,15,4,11.769728799990844,10.131266099982895,169.9274498152885,197.40869307572297
plain_10k,15,8,10.636086799961049,10.27038000000175,188.03908219396294,194.7347615180411
plain_10k,15,16,10.587534599995706,10.21677559998352,188.90138975326806,195.75647721999746
plain_10k,15,32,10.551468799996655,10.244313200004399,189.5470704515218,195.23026687617684
plain_10k,15,64,10.493534500012174,10.24500320001971,190.5935507237985,195.21711813581007
plain_10k,15,128,10.493487200001255,10.221135100000538,190.59440983544164,195.67298352214274
plain_10k,15,256,10.564861199993175,10.204390900034923,189.30679373253784,195.99405977216682
plain_10k,15,512,10.559233699983452,10.319447899993975,189.4076840067603,193.80881800868124
plain_10k,15,1024,10.918606200022623,10.210872199968435,183.17356294028227,195.8696535254043
plain_10k,16,1,44.95730750000803,9.945035099983215,44.48664991780575,201.10537367569225
plain_10k,16,2,17.301183099974878,9.945183900010306,115.59903091268389,201.10236473333865
plain_10k,16,4,11.689192100020591,9.989824399992358,171.09822328922775,200.2037192967606
plain_10k,16,8,10.38646399998106,9.893941700051073,192.55831436027188,202.14390387904507
plain_10k,16,16,10.277935400023125,10.064003799983766,194.5916102951474,198.72806486849956
plain_10k,16,32,10.14739430003101,9.996489499986637,197.09493303062916,200.07023465614338
plain_10k,16,64,10.254746299993712,10.08148049999727,195.0316411046879,198.38356082725565
plain_10k,16,128,10.266370700031985,9.980102200002875,194.81081079546144,200.39874942357042
plain_10k,16,256,10.308367300021928,9.987145399965812,194.01714566338217,200.25742290753536
plain_10k,16,512,10.387900200032163,10.009661999996752,192.53169182293524,199.80694652832923
plain_10k,16,1024,10.665289100026712,9.999974399979692,187.5242181662934,200.00051200171688
plain_10k,17,1,43.82868869998492,9.789870600041468,45.6322116705419,204.29279218374228
plain_10k,17,2,17.166338599985465,9.833741900045425,116.50708089852623,203.38138018354553
plain_10k,17,4,11.197298499988392,9.773581899993587,178.61451134861443,204.63326756399434
plain_10k,17,8,10.267947900050785,9.811941799998749,194.780887034897,203.8332514365561
plain_10k,17,16,10.042826300021261,9.784028100024443,199.14712654103815,204.41478494884979
plain_10k,17,32,10.021118299977388,9.816755299980287,199.5785240859309,203.73330483281134
plain_10k,17,64,9.993439799989574,9.784741900046356,200.1312901291592,204.39987282551877
plain_10k,17,128,9.970956200035289,9.805299800005741,200.58256799813458,203.97132579248918
plain_10k,17,256,10.04735890001757,9.739904799964279,199.05728658667726,205.34081606293884
plain_10k,17,512,10.161649500019848,9.773128099972382,196.81843976178212,204.64276939188505
plain_10k,17,1024,10.196973600017373,9.77115360001335,196.13662626297204,204.6841224558447
plain_10k,18,1,43.80501980002737,9.646764200006146,45.65686784597117,207.32340487795128
plain_10k,18,2,16.635996599972714,9.707150000031106,120.22123159145634,206.03369681045322
plain_10k,18,4,10.81967459997395,9.73207959998399,184.84844266987616,205.50592290709275
plain_10k,18,8,10.015934300026856,9.715060400019865,199.68182099543498,205.86593573786843
plain_10k,18,16,9.810049700026866,9.67040189995896,203.8725654972495,206.81663706329388
plain_10k,18,32,9.863510199997108,9.667804999975488,202.76757051466183,206.87219074082182
plain_10k,18,64,9.782968199986499,9.63799309998285,204.43693152378438,207.51208049770847
plain_10k,18,128,9.75391250004759,9.732065000047442,205.04592387826338,205.50623120481114
plain_10k,18,256,9.828791400010232,9.741584200004581,203.48381795933912,205.30541634070764
plain_10k,18,512,9.887566999997944,9.762905200012028,202.2742298484972,204.85705422987576
plain_10k,18,1024,10.126092099992093,9.670130599988624,197.50956047511772,206.82243939935546
plain_10k,19,1,42.03701359999832,9.692015399981756,47.577119036830915,206.35542943975975
plain_10k,19,2,15.746459799993318,9.619947500003036,127.01267620807369,207.90134249686588
plain_10k,19,4,10.7213858999894,9.86444900004426,186.54304757391276,202.74827311601757
plain_10k,19,8,9.900904400041327,9.631333599973004,202.00174844549068,207.65556288130293
plain_10k,19,16,9.819949200027622,9.643484700005502,203.66704137271648,207.3939102116125
plain_10k,19,32,9.75983619998442,9.605872199987061,204.92147194060416,208.2059763404612
plain_10k,19,64,9.738994499959517,9.63362410000991,205.36000918866046,207.606190488369
plain_10k,19,128,9.81942410004558,9.62014569999883,203.67793259797347,207.89705918905608
plain_10k,19,256,9.81614609999815,9.589845000009518,203.74594872832802,208.55394430233386
plain_10k,19,512,9.921958999999333,9.564082799945027,201.5730966032146,209.11571363764185
plain_10k,19,1024,10.281891399994493,9.629125100036617,194.51674037337833,207.70318998061356
plain_10k,20,1,42.732507800043095,9.586800699995365,46.802776222695336,208.62017085647426
plain_10k,20,2,14.764167599962093,9.677064199990127,135.46310595967057,206.6742514741238
plain_10k,20,4,10.528990100021474,9.675553599954583,189.95174095528125,206.7065185819846
plain_10k,20,8,9.942677899962291,9.615866000007372,201.15305153429392,207.9895872091465
plain_10k,20,16,9.869046600011643,9.634440499998163,202.653820683919,207.58859842461857
plain_10k,20,32,9.850701399962418,9.759420800022781,203.031227807558,204.93019421760474
plain_10k,20,64,9.820331599970814,9.66309840005124,203.65911065629842,206.97295186287192
plain_10k,20,128,9.811491300002672,9.684639099985361,203.84261055192042,206.51259993808372
plain_10k,20,256,9.812467699986883,9.668197499995586,203.8223269772061,206.86379234608242
plain_10k,20,512,10.00024249998387,9.653713800013065,199.99515011793224,207.1741550901678
plain_10k,20,1024,9.939025999978185,9.597307500021998,201.22696127411174,208.39178071510327
special,1,1,53.6198811000213,49.32826879998902,37.29959781651223,40.54470283782684
special,1,2,53.348532299976796,49.216707599989604,37.489316271234514,40.636606907050044
special,1,4,54.54675680003129,49.838118299958296,36.66579128310068,40.12992601291035
special,1,8,53.05766509997193,50.04287960001966,37.694836292391955,39.96572571333833
special,1,16,53.0458418999915,50.7434135999647,37.70323796105723,39.41398219219118
special,1,32,52.81670939998003,49.69673380005406,37.86680432614676,40.24409346591354
special,1,64,53.555581699998584,49.622106300026644,37.34438010968431,40.30461721853444
special,1,128,53.577663200034294,49.89589819998946,37.32898899552453,40.08345519673243
special,1,256,53.20211939996807,49.57573380001122,37.59248733991602,40.34231763604369
special,1,512,53.11612990003778,49.7301667999709,37.65334567416549,40.21703784032291
special,1,1024,52.369605999963824,50.482724600005895,38.19009064153321,39.61751303731666
special,2,1,30.37972239998635,27.29247549996944,65.83338628534995,73.2802709670744
special,2,2,29.826209900027607,26.88892840000335,67.05511718396875,74.3800559935944
special,2,4,29.430863200046588,26.502276599989273,67.95587293534884,75.46521493933882
special,2,8,30.191779499989934,26.965230700036045,66.24319709279365,74.16958609582103
special,2,16,30.440189800050575,26.72094410000136,65.70261266888281,74.847654802732
special,2,32,30.64235079998616,26.671295600011945,65.26914377603507,74.98698338445563
special,2,64,32.79659439995885,26.80195900000399,60.98194146653561,74.621411069232
special,2,128,32.65022079995833,27.79046530002961,61.25532847859186,71.96712895619883
special,2,256,46.05195910000475,26.963409999967553,43.42920559919879,74.17459438559169
special,2,512,53.46243339998182,27.31599820003612,37.409445713720174,73.21716692737795
special,2,1024,53.472199100011494,26.48186420003185,37.40261357606237,75.52338403720061
special,3,1,20.224353199999314,18.328453199996147,98.89067799706287,109.11995563272194
special,3,2,20.157196899992414,18.256324800022412,99.22014503915238,109.5510745951203
special,3,4,20.226933000027202,18.360527499986347,98.87806520134863,108.92933223195723
special,3,8,20.713635399995837,18.028715599968564,96.55475542455487,110.93413665050478
special,3,16,21.18081180000445,18.476868900004774,94.4250871441849,108.24344810929969
special,3,32,20.9227525999886,18.02952290000394,95.58971700506987,110.92916940134688
special,3,64,24.633420999976806,19.108745499979705,81.19050943033382,104.66411832226895
special,3,128,26.23010659997817,19.03880979999667,76.24826046271822,105.04858344665799
special,3,256,45.91185439995024,18.507231900002807,43.56173424356755,108.06586370162124
special,3,512,53.26691900001606,18.448054799984675,37.546755801652374,108.4125140392396
special,3,1024,53.05107659997884,18.155561899999157,37.69951767577885,110.15908023205236
special,4,1,16.083476100000553,15.292415300034918,124.35122777966706,130.78378796025984
special,4,2,16.55896529997699,15.931024899997283,120.78049345285959,125.54120105608153
special,4,4,16.581048000021838,15.830677699996158,120.61963755230465,126.33697924381882
special,4,8,17.355442699976265,16.527133899973705,115.23762514007984,121.01311770718951
special,4,16,18.720744199992623,16.01161589997355,106.83335975504585,124.90931661702577
special,4,32,19.769273400015663,15.870060999994166,101.16709701624215,126.02346014931733
special,4,64,21.90636700001778,15.882441599969752,91.29765789089431,125.92522298358767
special,4,128,26.311056500009727,16.279582699993625,76.01367128679385,122.85327190854733
special,4,256,45.934643299959134,16.635799000039697,43.54012258111471,120.22265957861282
special,4,512,53.80224129999988,16.426974700007122,37.17317256074989,121.75096367556546
special,4,1024,53.12830629997188,16.295393400010653,37.64471595814938,122.73407280849645
special,5,1,14.832131100003608,13.98880479997024,134.84238957404534,142.9714710154691
special,5,2,15.263539099949412,14.091836200037505,131.0312101868058,141.92614586271426
special,5,4,15.062971899984404,13.704817500023637,132.77592318963767,145.93408485713513
special,5,8,15.494833800010383,13.655433700012509,129.0752792713827,146.46184397630432
special,5,16,15.359453000011854,13.691005200031213,130.21297047482463,146.08131183789487
special,5,32,16.009613700036425,13.912125299975742,124.92493806989545,143.7594872728387
special,5,64,15.959545199992135,13.995658700005151,125.31685426731242,142.90145557774025
special,5,128,26.014291100029368,14.019545499992091,76.8808187895515,142.65797703649724
special,5,256,45.83157000003848,13.306846799969207,43.638042510835234,150.29856659991216
special,5,512,53.73348209995311,14.02854660002049,37.22074062275866,142.56644376810058
special,5,1024,54.22789759997977,13.986133600003086,36.88138556934846,142.9987770172279
special,6,1,13.180246200005058,12.428972099965904,151.74223376792708,160.9143526845222
special,6,2,13.430219399975613,12.234035500034224,148.91789481887628,163.4783551179335
special,6,4,13.241827099991497,12.646867399977054,151.0365589957963,158.14192849081573
special,6,8,14.281340999994427,12.55964320001658,140.04287132425313,159.24019242818616
special,6,16,15.032738999987487,12.758196500013582,133.0429537825186,156.7619686683671
special,6,32,16.016889800026547,12.730982699955348,124.8681875801309,157.0970636859804
special,6,64,16.684503600001335,12.284871000039857,119.87171137652786,162.80187231868462
special,6,128,26.273110199952498,12.149446199997328,76.12345796820111,164.61655676128183
special,6,256,47.43685409997124,12.3549098999938,42.161311873360766,161.87896279203167
special,6,512,55.638388100021984,12.547879199963063,35.94640442143236,159.38948471912985
special,6,1024,53.46527019998757,12.325648099998944,37.407460815571916,162.26327279294722
special,7,1,12.448960199952126,12.40638600004604,160.65598796015843,161.20730082012423
special,7,2,12.426399999996647,11.99589299998479,160.94765982106964,166.72372786273903
special,7,4,12.381380199978594,12.515953199996147,161.53287983220625,159.79605932056504
special,7,8,13.589863600034732,12.292504899960477,147.1685116835822,162.70076898699713
special,7,16,13.387624199967831,12.279825100034941,149.39170461662687,162.86876919723468
special,7,32,16.237112500006333,12.1050402999972,123.17461001758902,165.2204330125578
special,7,64,15.634320800018031,12.095571899961215,127.92368952782991,165.3497673811036
special,7,128,26.00993679999374,12.227190500008874,76.89368933801029,163.56987322627782
special,7,256,46.62269510002807,11.960744399984833,42.89756299392473,167.21367275456
special,7,512,53.29991299996618,12.219876100018155,37.52351340613387,163.66778055933224
special,7,1024,54.18405540002277,11.992668799997773,36.91122757856843,166.7685511335368
special,8,1,11.915067800029647,11.653315599949565,167.8546890010163,171.62497512799328
special,8,2,11.982499999983702,11.446805100014899,166.91007719613773,174.7212416499864
special,8,4,12.158242999983486,11.29897639999399,164.4974524693014,177.0071844739019
special,8,8,11.748433600005228,10.860185099998489,170.2354601552253,184.1589237738018
special,8,16,12.934785199991893,10.894885700021405,154.62181776325545,183.5723710250646
special,8,32,15.380244500003755,11.235642799991183,130.0369444711696,178.00494690001798
special,8,64,15.647861899982672,11.407713400025386,127.8129889427395,175.31997253678807
special,8,128,25.756961599981878,11.189283400017302,77.6489102659301,178.74245637543754
special,8,256,46.62749609997263,10.838532500027213,42.89314604652712,184.52682593284456
special,8,512,53.85950379999122,11.255817900004331,37.13365068172659,177.68588811295805
special,8,1024,53.785345699987374,11.384720699978061,37.18484977592083,175.67405057234774
special,9,1,11.433938900008798,11.08865649998188,174.91784917605787,180.36450132649236
special,9,2,11.293864299950656,11.058750300027896,177.08730571596635,180.85226139837474
special,9,4,11.336035300046206,11.06729739997536,176.4285261172262,180.71259203755136
special,9,8,11.859971900004894,10.982151600008365,168.63446362795975,182.11367615781927
special,9,16,12.565828300022986,11.27043470001081,159.16181187963085,177.4554445533571
special,9,32,12.6398271000362,11.46979529998498,158.23001249710703,174.37102822598925
special,9,64,16.683674299973063,11.106270599993877,119.87766987295053,180.0784504567269
special,9,128,26.01472840004135,11.082085500005633,76.87952644536628,180.47144646185805
special,9,256,47.2293512999895,10.93216389999725,42.34654817290375,182.9463972819236
special,9,512,53.80647049995605,11.392771399987396,37.17025074152808,175.54991053381556
special,9,1024,53.442764099978376,11.007699900015723,37.42321404369145,181.6909997698196
special,10,1,10.83798690000549,10.026873499969952,184.53611528161073,199.46397049947757
special,10,2,10.798952399985865,9.951731799985282,185.203149890967,200.97004623888256
special,10,4,11.10495109995827,10.023146200051997,180.09984753625034,199.5381450177415
special,10,8,11.231282599968836,10.146687000000384,178.07405184565025,197.10867202269316
special,10,16,11.440530500025488,10.035911899991333,174.81706814168663,199.28433209958
special,10,32,11.262612099992111,10.080269199970644,177.57869863967,198.40739967597537
special,10,64,15.420997000008356,9.966376999975182,129.6933006341235,200.67472864060633
special,10,128,26.05879979999736,10.086472900002263,76.7495055547494,198.2853689122142
special,10,256,46.97010810003849,10.024640399962664,42.580272452009986,199.50840331464147
special,10,512,53.414363500021864,10.326365699991584,37.4431120947305,193.67898233563722
special,10,1024,53.559312400000636,9.845897199993487,37.34177886869168,203.13029471822261
special,11,1,10.374653799983207,9.923364999995101,192.7775170679177,201.5445365559956
special,11,2,10.571508899971377,10.029166300024372,189.18775161844826,199.41837039786049
special,11,4,10.59847779996926,10.13125040003797,188.7063442266965,197.40899899113185
special,11,8,11.182222099974751,10.094409700017422,178.85532786945055,198.12946565825916
special,11,16,11.379389900015667,10.158593799977098,175.7563470074302,196.8776426521266
special,11,32,11.293475000013132,10.083591000002343,177.09341013263628,198.34203906123673
special,11,64,15.850175499974284,10.042249299993273,126.18156814751009,199.1585689872626
special,11,128,25.985222200048156,9.909219899971504,76.9668230890207,201.8322350486693
special,11,256,46.96033750002971,10.270246599975508,42.5891317326826,194.73729092393648
special,11,512,53.58339049998904,10.046747499960475,37.32499905918438,199.06940032163328
special,11,1024,53.414582400000654,9.868208199972287,37.4429586479361,202.67103809236784
special,12,1,10.289812400005758,10.204723400005605,194.36700323116492,195.9876737079323
special,12,2,10.274248000001535,10.237189000006765,194.66144870161799,195.36613029208294
special,12,4,10.694442700012587,10.205882799986284,187.01301751774741,195.96540928362296
special,12,8,11.154044900031295,10.330800299998373,179.30714982099352,193.59584368311863
special,12,16,11.481129100022372,10.281622699985746,174.19889477561077,194.52182387540566
special,12,32,11.387382599990815,10.312826899986248,175.6329852306546,193.93324637327783
special,12,64,15.984798999968916,10.171755200019106,125.1188707473825,196.62289945753346
special,12,128,26.101242500008084,10.16454219998559,76.62470474343819,196.76242772673376
special,12,256,46.33477409998886,10.222270300029777,43.16412540792943,195.6512537135879
special,12,512,52.991931800032035,10.241565499978606,37.741594466627674,195.28264502181605
special,12,1024,53.70267769997008,10.074759000039194,37.242090816658,198.51591487123608
special,13,1,9.951001600013115,10.188499599986244,200.98479332948395,196.2997574248028
special,13,2,10.077677299967036,10.20607650000602,198.4584285117506,195.96169007735932
special,13,4,10.015030000009574,9.986378600005992,199.69985112357008,200.27279959111505
special,13,8,10.136711200000718,10.132921800017357,197.30265177130215,197.37643687298308
special,13,16,11.584248700004537,10.126514000003226,172.64822707054077,197.50133165266575
special,13,32,11.346681499970146,10.18441820004955,176.26298931588607,196.3784244435553
special,13,64,16.210960199998226,10.109163699962664,123.3733212175932,197.8403020625125
special,13,128,25.2092994999839,10.048339600034524,79.3358022503274,199.0378589506597
special,13,256,46.2165013999911,10.078344899986405,43.2745867691401,198.4452824196062
special,13,512,52.41595940000843,10.087678899988532,38.15631771112213,198.26166354306477
special,13,1024,53.50540429999819,10.082148300018162,37.379401691579545,198.37042071642583
special,14,1,9.888955399976112,10.14343260001624,202.2458307380809,197.17191200115016
special,14,2,9.887632999976631,10.389457500015851,202.2728796674317,192.5028327992052
special,14,4,10.079991600010544,10.084791000001132,198.412863756544,198.31843813121912
special,14,8,10.000022899999749,10.196125700022094,199.99954200105384,196.15293679595047
special,14,16,11.535251000022981,10.171143599960487,173.38157617862112,196.63472257021024
special,14,32,11.227092200017069,10.129190199950244,178.14051620569745,197.44915047698723
special,14,64,15.986943199997768,10.039627899997868,125.10208956020305,199.21057034398902
special,14,128,25.647018199961167,10.112011299992446,77.98177489510373,197.7845891055812
special,14,256,46.7069226000458,10.086711700016167,42.82020498601719,198.28067456283046
special,14,512,53.28626379999332,10.132972499995958,37.53312500022287,197.37544930678513
special,14,1024,53.20202920003794,10.139663799956907,37.592551075073914,197.24519860397146
special,15,1,9.39331630000379,8.801000999985263,212.91734847672416,227.24687794074208
special,15,2,9.483904200023971,8.790568500000518,210.88361478756235,227.5165707428231
special,15,4,9.489688900008332,8.74695800000336,210.75506489978233,228.650920697142
special,15,8,10.074139700038359,8.780115899979137,198.52811848463693,227.78742590456605
special,15,16,11.47707740002079,8.791448800009675,174.2603914125714,227.4937891918109
special,15,32,11.181025700003374,8.709875600005034,178.87446587296517,229.62440473878226
special,15,64,15.766077900014352,8.7106515999767,126.85463136004037,229.60394834358314
special,15,128,26.323143200017512,8.79543100000592,75.97876837134972,227.39078960413127
special,15,256,46.48623340000631,8.78594809997594,43.02349004683456,227.63621833885827
special,15,512,53.76348390005296,8.833537200000137,37.19997021989919,226.40986897071866
special,15,1024,53.18785889999708,8.760140700032935,37.60256647593892,228.30683529917286
special,16,1,9.289523800020106,8.827065899968147,215.29628892233112,226.5758546118045
special,16,2,9.350209600001108,8.812574000039604,213.89894831873747,226.94844888576392
special,16,4,9.569069000019226,8.818369599990547,209.00674872299297,226.79929405568848
special,16,8,10.038266599993221,8.85979200003203,199.23758550120104,225.73893382516988
special,16,16,11.531662699999288,8.770021300006192,173.43552721153765,228.04961716553504
special,16,32,11.250135399983265,8.887848399986979,177.77563814947285,225.02634045861203
special,16,64,15.999988499970641,8.883176400035154,125.00008984404394,225.14469036009297
special,16,128,26.11150399997132,8.791825700027402,76.59459217677376,227.4840366766787
special,16,256,46.91290830000071,8.848208400013391,42.63218957158471,226.03445913378047
special,16,512,53.88297490001423,8.88247130002128,37.11747548666753,225.16256258494283
special,16,1024,54.54601980000734,8.760391199961305,36.66628669393272,228.30030695533713
special,17,1,9.11213940003654,8.929902299947571,219.48742355631433,223.96661607504288
special,17,2,9.145660099980887,8.944709500006866,218.68295761441863,223.595858534977
special,17,4,9.474272700026631,8.943952100002207,211.09799805470854,223.61479328578991
special,17,8,10.001140899956226,8.855122700042557,199.97718460388393,225.85796580666107
special,17,16,11.377358699974138,8.872886700031813,175.78772479104015,225.4057859200241
special,17,32,11.42024330003187,8.947949199995492,175.12761746454373,223.5149032809672
special,17,64,16.056399399996735,8.87293780001346,124.56092740196826,225.4044877894857
special,17,128,25.91141860000789,8.83177039999282,77.18604800739821,226.455162376235
special,17,256,46.46397219999926,8.932015299971681,43.04410288881913,223.91363346705654
special,17,512,53.81097339995904,8.952012100024149,37.167140336501,223.41346030962188
special,17,1024,54.26189050002722,8.884238299971912,36.85828085917863,225.11777965324535
special,18,1,9.093689500004984,9.056690099998377,219.93273467264345,220.83122839770772
special,18,2,9.161496100015938,8.981562500004657,218.30495567165286,222.6784036740782
special,18,4,9.368317700049374,9.009102700045332,213.48550124313775,221.99769128949282
special,18,8,10.056906800018623,9.012141899962444,198.86830411874718,221.92282613840496
special,18,16,10.52843710000161,9.02450899995165,189.9617180597198,221.61870524044193
special,18,32,11.271286400035024,8.979673199995887,177.44203536463996,222.72525463409028
special,18,64,16.123432199994568,8.913944000029005,124.04306819987582,224.3675751152904
special,18,128,25.98138380004093,8.943428499973379,76.97819390192947,223.62788498906804
special,18,256,47.02058930002386,8.90482019999763,42.534558366306676,224.5974601486656
special,18,512,53.5513162999996,8.909617400029674,37.3473546158195,224.47653027091138
special,18,1024,54.22604769997997,8.988780100014992,36.88264376311421,222.49960258752623
special,19,1,8.96919600002002,9.13151979999384,222.98542700990544,219.02159156478524
special,19,2,8.913256700034253,9.023640299972612,224.38487606806098,221.6400403289646
special,19,4,9.008248600002844,9.040951000002678,222.0187395804517,221.21566636069673
special,19,8,9.01846640004078,9.26653979998082,221.76719536161454,215.83029298640037
special,19,16,9.005264899984468,9.117939900024794,222.09230069439153,219.34779368249198
special,19,32,11.298169799963944,8.991812299995217,177.0198213879192,222.42457174078953
special,19,64,15.616222199983895,9.024364200013224,128.07194815670994,221.62226121116313
special,19,128,25.5792083000415,9.420387499965727,78.18850280822629,212.3054916803875
special,19,256,46.23304969997844,9.060918100003619,43.25909739847711,220.72818426636053
special,19,512,52.91006229998311,9.165470600011759,37.799993291647255,218.21029026021142
special,19,1024,53.205447800050024,9.18380790000083,37.590135647690566,217.7745899933098
special,20,1,9.170670900028199,9.083270700008143,218.08655242375454,220.18500450484285
special,20,2,9.110155200003646,9.149033800000325,219.5352281154551,218.60231842185664
special,20,4,9.116687299974728,9.23986510001123,219.37793128053696,216.45337657554865
special,20,8,9.385565500007942,9.164143699978013,213.09318016035448,218.24188549169068
special,20,16,9.029543899989221,9.112616800004616,221.49513000345317,219.47592485168332
special,20,32,11.309898199979216,9.133974600001238,176.83625127622062,218.96272844898527
special,20,64,15.99912780005252,9.027943399967626,125.00681443356147,221.53439730328526
special,20,128,25.714289900031872,9.133278599998448,77.7777651171896,218.97941446791515
special,20,256,46.71579790004762,9.176130900043063,42.81206979016324,217.9567861211106
special,20,512,53.645679700013716,9.062344699981622,37.28166016693211,220.69343709736134
special,20,1024,53.584776400006376,9.184735899965744,37.324033696999095,217.7525866592919
